gender,gestational_age,birth_weight,assessment_age,GMs
0,0.848987976,0.740430639,0.159023723,0
1,-0.998137174,-1.137262631,-0.949541793,0
1,-0.382428791,0.415160939,-1.319063632,0
0,0.233279592,-0.131883557,-0.210498115,0
1,-0.998137174,-1.18161759,-1.319063632,0
