gender,gestational_age,birth_weight,assessment_age,GMs
1,1.156842167,0.592580776,1.637111078,1
0,0.541133784,-0.013603666,1.637111078,1
0,0.541133784,-0.006211173,-1.319063632,1
0,0.233279592,0.592580776,-1.319063632,1
1,-0.690282983,-0.656750573,2.006632917,1
